iri,label,type,parent_label,difference,status,raw
https://www.commoncoreontologies.org/ont00001801,is subject of,property,,,OK,None
https://www.commoncoreontologies.org/ont00001808,is about,property,,,OK,None
https://www.commoncoreontologies.org/ont00001811,is an ordinal measurement of,property,,,OK,None
https://www.commoncoreontologies.org/ont00001824,is excerpted from,property,,,OK,None
https://www.commoncoreontologies.org/ont00001837,time zone identifier used by,property,generically depends on,"The difference between verb phrase 'time zone identifier used by' and verb phrase 'generally depends on' is that the former indicates which time zone is utilized by something, while the latter suggests something's behavior is influenced by various factors.",OK,None
https://www.commoncoreontologies.org/ont00001863,uses measurement unit,property,is carrier of,"The difference between verb phrase 'uses measurement unit' and verb phrase 'is carrier of' is that the former indicates something employs a unit like meters or kilograms, while the latter signifies something transports or holds something else.",OK,None
https://www.commoncoreontologies.org/ont00001868,is a nominal measurement of,property,is a measurement of,"The difference between verb phrase 'is a nominal measurement of' and verb phrase 'is a measurement of' is that the former describes something that *represents* a quantity, while the latter describes something that *quantifies* a thing directly.",OK,None
https://www.commoncoreontologies.org/ont00001873,represented by,property,is subject of,"The difference between verb phrase 'represented by' and verb phrase 'is subject of' is that 'represented by' indicates something is exemplified or symbolized by something else, while 'is subject of' indicates something is the topic or focus of an action or statement.",OK,None
https://www.commoncoreontologies.org/ont00001877,is an interval measurement of,property,,,OK,None
https://www.commoncoreontologies.org/ont00001878,is mention of,property,,,OK,None
https://www.commoncoreontologies.org/ont00001879,designated by,property,is subject of,"The difference between verb phrase 'designated by' and verb phrase 'is subject of' is that 'designated by' means something is chosen for a specific purpose, while 'is subject of' means something is the main topic being discussed.",OK,None
https://www.commoncoreontologies.org/ont00001884,condition described by,property,is subject of,"The difference between verb phrase 'condition described by' and verb phrase 'is subject of' is that 'condition described by' indicates something is explained or defined by a condition, while 'is subject of' indicates something is the focus or topic of a sentence.",OK,None
https://www.commoncoreontologies.org/ont00001899,language used in,property,prescribes,"The difference between verb phrase 'language used in' and verb phrase 'prescribes' is that 'language used in' indicates a context or setting where a language is employed, while 'prescribes' means to dictate or set rules for how something should be done.",OK,None
https://www.commoncoreontologies.org/ont00001900,is geospatial coordinate reference system of,property,is reference system of,"The difference between verb phrase 'is geospatial coordinate reference system of' and verb phrase 'is reference system of' is that the former specifies a system specifically for Earth's surface, while the latter is a more general term for any system used to locate things.",OK,None
https://www.commoncoreontologies.org/ont00001904,is measured by,property,described by,"The difference between verb phrase 'is measured by' and verb phrase 'described by' is that 'is measured by' indicates a quantifiable value, while 'is described by' indicates a characterization or explanation.",OK,None
https://www.commoncoreontologies.org/ont00001908,uses time zone identifier,property,is carrier of,"The difference between verb phrase 'uses time zone identifier' and verb phrase 'is carrier of' is that the former indicates a function utilizing a time zone, while the latter signifies something transporting or conveying something else.",OK,None
https://www.commoncoreontologies.org/ont00001912,uses reference system,property,is carrier of,"The difference between verb phrase 'uses reference system' and verb phrase 'is carrier of' is that 'uses reference system' means something relies on a defined framework for meaning, while 'is carrier of' means something transports or conveys information.",OK,None
https://www.commoncoreontologies.org/ont00001913,uses geospatial coordinate reference system,property,uses reference system,"The difference between verb phrase 'uses geospatial coordinate reference system' and verb phrase 'uses reference system' is that the former specifically indicates using a system for locating things on Earth, while the latter is a more general term for any system used as a basis for measurement or comparison.",OK,None
https://www.commoncoreontologies.org/ont00001914,is measured by nominal,property,is measured by,"The difference between verb phrase 'is measured by nominal' and verb phrase 'is measured by' is that the former indicates a measurement using a noun phrase as the standard, while the latter simply indicates a measurement using a specific value or unit.",OK,None
https://www.commoncoreontologies.org/ont00001916,designates,property,is about,"The difference between verb phrase 'designates' and verb phrase 'is about' is that 'designates' means to point to or identify something specifically, while 'is about' means the topic or subject of something.",OK,None
https://www.commoncoreontologies.org/ont00001917,described by,property,is subject of,"The difference between verb phrase 'described by' and verb phrase 'is subject of' is that 'described by' indicates something is explained or detailed, while 'is subject of' indicates something is the main topic or focus.",OK,None
https://www.commoncoreontologies.org/ont00001919,is mentioned by,property,,,OK,None
https://www.commoncoreontologies.org/ont00001920,prescribed by,property,is subject of,"The difference between verb phrase 'prescribed by' and verb phrase 'is subject of' is that 'prescribed by' means something is required or dictated by a rule or authority, while 'is subject of' means something is the topic or focus of something else.",OK,None
https://www.commoncoreontologies.org/ont00001938,represents,property,is about,"The difference between verb phrase 'represents' and verb phrase 'is about' is that 'represents' means something stands for or symbolizes something else, while 'is about' means something focuses on a particular topic or subject.",OK,None
https://www.commoncoreontologies.org/ont00001942,prescribes,property,is about,"The difference between verb phrase 'prescribes' and verb phrase 'is about' is that 'prescribes' means to recommend something, often for health, while 'is about' means the topic or subject of something.",OK,None
https://www.commoncoreontologies.org/ont00001961,is measurement unit of,property,generically depends on,"The difference between verb phrase 'is measurement unit of' and verb phrase 'generally depends on' is that the former indicates something quantifies a quantity, while the latter indicates something is influenced by other factors.",OK,None
https://www.commoncoreontologies.org/ont00001963,is measured by ordinal,property,is measured by,"The difference between verb phrase 'is measured by ordinal' and verb phrase 'is measured by' is that the former indicates a ranking or position (like first, second, or third), while the latter indicates a quantity or amount.",OK,None
https://www.commoncoreontologies.org/ont00001964,is measured by interval,property,is measured by,"The difference between verb phrase 'is measured by interval' and verb phrase 'is measured by' is that the former indicates measurement based on time or periods, while the latter indicates measurement using a specific unit or scale.",OK,None
https://www.commoncoreontologies.org/ont00001965,is measured by ratio,property,is measured by,"The difference between verb phrase 'is measured by ratio' and verb phrase 'is measured by' is that the former indicates a comparison between quantities, while the latter simply indicates a standard or benchmark for assessment.",OK,None
https://www.commoncoreontologies.org/ont00001966,is a measurement of,property,describes,"The difference between verb phrase 'is a measurement of' and verb phrase 'describes' is that 'is a measurement of' indicates quantifying something, while 'describes' means providing details about something's qualities or characteristics.",OK,None
https://www.commoncoreontologies.org/ont00001976,uses language,property,prescribed by,"The difference between verb phrase 'uses language' and verb phrase 'prescribed by' is that one means to communicate with words, while the other means dictated or set out by rules.",OK,None
https://www.commoncoreontologies.org/ont00001980,describes condition,property,is about,"The difference between verb phrase 'describes condition' and verb phrase 'is about' is that 'describes condition' means to explain how something currently is, while 'is about' means the topic or subject of something.",OK,None
https://www.commoncoreontologies.org/ont00001982,describes,property,is about,"The difference between verb phrase 'describes' and verb phrase 'is about' is that 'describes' means to give details of something, while 'is about' means the topic or subject of something.",OK,None
https://www.commoncoreontologies.org/ont00001983,is a ratio measurement of,property,is a measurement of,"The difference between verb phrase 'is a ratio measurement of' and verb phrase 'is a measurement of' is that the former indicates a measurement with a meaningful ratio, while the latter simply indicates a measurement without a specific ratio.",OK,None
https://www.commoncoreontologies.org/ont00001997,is reference system of,property,generically depends on,"The difference between verb phrase 'is reference system of' and verb phrase 'generally depends on' is that the former indicates something is defined by a specific system, while the latter indicates something is typically influenced by external factors.",OK,None
https://www.commoncoreontologies.org/ont00001765,has text value,property,,,OK,None
https://www.commoncoreontologies.org/ont00001767,has datetime value,property,,,OK,None
https://www.commoncoreontologies.org/ont00001768,has uri value,property,,,OK,None
https://www.commoncoreontologies.org/ont00001769,has decimal value,property,,,OK,None
https://www.commoncoreontologies.org/ont00001770,has double value,property,,,OK,None
https://www.commoncoreontologies.org/ont00001771,has date value,property,,,OK,None
https://www.commoncoreontologies.org/ont00001772,has boolean value,property,,,OK,None
https://www.commoncoreontologies.org/ont00001773,has integer value,property,,,OK,None
https://www.commoncoreontologies.org/ont00000003,Designative name,class,Designative Information Content Entity,"The difference between noun phrase 'Designaive name' and noun phrase 'Desigative Information Content Entity' is that a 'Desigative name' is a simple label, while a 'Desigative Information Content Entity' is a more detailed piece of information that identifies something.",OK,None
https://www.commoncoreontologies.org/ont00000029,Median point estimate information content entity,class,Point Estimate Information Content Entity,"The difference between noun phrase 'Median point estimate information content entity' and noun phrase 'Point Estimate Information Content Entity' is that the former refers to a central value calculated from a dataset, while the latter refers to a single, specific value calculated from a dataset.",OK,None
https://www.commoncoreontologies.org/ont00000067,Civil time reference system,class,Temporal Reference System,"The difference between noun phrase 'Civil time reference system' and noun phrase 'Temporal Reference System' is that 'Civil time reference system' specifically refers to timekeeping used in everyday life, while 'Temporal Reference System' is a broader term encompassing any system for measuring and organizing time, including scientific and historical applications.",OK,None
https://www.commoncoreontologies.org/ont00000073,Temporal interval identifier,class,Temporal Region Identifier,"The difference between noun phrase 'Temporal interval identifier' and noun phrase 'Temporal Region Identifier' is that the former specifies a period of time, while the latter denotes a specific geographical area within time.",OK,None
https://www.commoncoreontologies.org/ont00000077,Code identifier,class,Non-Name Identifier,"The difference between noun phrase 'Code identifier' and noun phrase 'Non-Name Identifier' is that a 'Code identifier' is a unique code used to identify something, while a 'Non-Name Identifier' is an identifier that isn't a name.",OK,None
https://www.commoncoreontologies.org/ont00000080,Standard time of day identifier,class,Time of Day Identifier,"The difference between noun phrase 'Standard time of day identifier' and noun phrase 'Time of Day Identifier' is that the former specifically refers to the time zone's standard time, while the latter is a broader term encompassing any indicator of the time of day, including standard or daylight saving time.",OK,None
https://www.commoncoreontologies.org/ont00000087,Ordinal date identifier,class,Decimal Date Identifier,"The difference between noun phrase 'Ordinal date identifier' and noun phrase 'Decimal Date Identifier' is that the former represents a date as a rank (like 1st, 2nd, 3rd) while the latter represents a date as a fraction of a whole (like 1.0, 2.5, 3.14).",OK,None
https://www.commoncoreontologies.org/ont00000120,Measurement unit,class,Descriptive Information Content Entity,"The difference between noun phrase 'Measurement unit' and noun phrase 'Descriptive Information Content Entity' is that a 'Measurement unit' refers to a standard for quantifying something like length or weight, while a 'Descriptive Information Content Entity' refers to a piece of data that provides details or characteristics about something.",OK,None
https://www.commoncoreontologies.org/ont00000124,Solar time reference system,class,Temporal Reference System,"The difference between noun phrase 'Solar time reference system' and noun phrase 'Temporal Reference System' is that 'Solar time reference system' specifically uses the sun's position to define time, while 'Temporal Reference System' is a broader term encompassing any system for measuring and organizing time, including atomic clocks and other methods independent of the sun.",OK,None
https://www.commoncoreontologies.org/ont00000127,Performance specification,class,Directive Information Content Entity,"The difference between noun phrase 'Performance specification' and noun phrase 'Directive Information Content Entity' is that 'Performance specification' describes what a system should *do*, while 'Directive Information Content Entity' refers to the specific instructions or data that tell a system *how* to do it.",OK,None
https://www.commoncoreontologies.org/ont00000146,Artificial language,class,Language,"The difference between noun phrase 'Artificial language' and noun phrase 'Language' is that 'Artificial language' refers to a human-designed system of communication, while 'Language' generally refers to any system of communication used by a community of speakers, whether natural or constructed.",OK,None
https://www.commoncoreontologies.org/ont00000154,Mode point estimate information content entity,class,Point Estimate Information Content Entity,"The difference between noun phrase 'Mode point estimate information content entity' and noun phrase 'Point Estimate Information Content Entity' is that the former implies a specific method (mode) for calculating the point estimate, while the latter simply refers to an entity containing point estimate and information content without specifying the calculation method.",OK,None
https://www.commoncoreontologies.org/ont00000164,Minimum ordinal measurement information content entity,class,Ordinal Measurement Information Content Entity,"The difference between noun phrase 'Minimum ordinal measurement information content entity' and noun phrase 'Ordinal Measurement Information Content Entity' is that the former specifies a lower limit on the information content, while the latter simply refers to information content related to ordinal measurements.",OK,None
https://www.commoncoreontologies.org/ont00000186,Artifact version ordinality,class,Ordinal Measurement Information Content Entity,"The difference between noun phrase 'Artifact version ordinality' and noun phrase 'Ordinal Measurement Information Content Entity' is that the former refers to a specific version number of a file or software, while the latter describes data about how something is ranked or ordered.",OK,None
https://www.commoncoreontologies.org/ont00000203,Event status nominal information content entity,class,Nominal Measurement Information Content Entity,"The difference between noun phrase 'Event status nominal information content entity' and noun phrase 'Nominal Measurement Information Content Entity' is that the former refers to the state of an event, while the latter describes a measurement's inherent characteristics.",OK,None
https://www.commoncoreontologies.org/ont00000253,Information bearing entity,class,object,"The difference between noun phrase 'Information bearing entity' and noun phrase 'object' is that an 'Information bearing entity' specifically holds data, while an 'object' is any thing, and may or may not contain information.",OK,None
https://www.commoncoreontologies.org/ont00000263,Clock time system,class,Temporal Reference System,"The difference between noun phrase 'Clock time system' and noun phrase 'Temporal Reference System' is that 'Clock time system' refers to systems like analog or digital clocks measuring seconds, minutes, and hours, while 'Temporal Reference System' is a broader concept encompassing any method for measuring and organizing time, including calendars, astronomical observations, and atomic clocks.",OK,None
https://www.commoncoreontologies.org/ont00000275,Spatial reference system,class,Reference System,"The difference between noun phrase 'Spatial reference system' and noun phrase 'Reference System' is that 'Spatial reference system' specifically deals with locating things in space, while 'Reference System' is a broader term encompassing any system used for measurement and comparison.",OK,None
https://www.commoncoreontologies.org/ont00000276,Solar calendar system,class,Calendar System,"The difference between noun phrase 'Solar calendar system' and noun phrase 'Calendar System' is that 'Solar calendar system' specifically refers to a calendar based on the Earth's orbit around the Sun, while 'Calendar System' is a broader term encompassing any method of organizing days, months, and years.",OK,None
https://www.commoncoreontologies.org/ont00000293,Nominal measurement information content entity,class,Measurement Information Content Entity,"The difference between noun phrase 'Nominal measurement information content entity' and noun phrase 'Measurement Information Content Entity' is that the former implies a measurement that's not quantified, while the latter refers to a measurement with associated information.",OK,None
https://www.commoncoreontologies.org/ont00000314,Information quality entity,class,quality,"The difference between noun phrase 'Information quality entity' and noun phrase 'quality' is that 'Information quality entity' refers to a specific, defined set of data with established characteristics, while 'quality' is a general assessment of how good something is.",OK,None
https://www.commoncoreontologies.org/ont00000369,Priority measurement information content entity,class,Ordinal Measurement Information Content Entity,"The difference between noun phrase 'Priority measurement information content entity' and noun phrase 'Ordinal Measurement Information Content Entity' is that the former focuses on importance, while the latter focuses on a ranked order.",OK,None
https://www.commoncoreontologies.org/ont00000390,Spatial region identifier,class,Designative Information Content Entity,"The difference between noun phrase 'Spatial region identifier' and noun phrase 'Designative Information Content Entity' is that the former specifies a geographical area, while the latter identifies a specific thing through its attributes.",OK,None
https://www.commoncoreontologies.org/ont00000398,Reference system,class,Descriptive Information Content Entity,"The difference between noun phrase 'Reference system' and noun phrase 'Descriptive Information Content Entity' is that a 'Reference system' is a structured way to organize and access information, while a 'Descriptive Information Content Entity' is a specific piece of information with associated details.",OK,None
https://www.commoncoreontologies.org/ont00000399,Temporal region identifier,class,Designative Information Content Entity,"The difference between noun phrase 'Temporal region identifier' and noun phrase 'Designative Information Content Entity' is that the former specifies a time period, while the latter identifies what something *is* or refers to.",OK,None
https://www.commoncoreontologies.org/ont00000406,Measurement unit of geocoordinate,class,Measurement Unit,"The difference between noun phrase 'Measurement unit of geocoordinate' and noun phrase 'Measurement Unit' is that the former refers specifically to units used for location (like meters or feet), while the latter is a broader term encompassing any unit used for measuring something.",OK,None
https://www.commoncoreontologies.org/ont00000419,Part number,class,Code Identifier,"The difference between noun phrase 'Part number' and noun phrase 'Code Identifier' is that a 'Part number' typically refers to a specific product's identification within a manufacturer's system, while a 'Code Identifier' is a broader term encompassing any unique code used to identify something, which might include parts, products, or other items.",OK,None
https://www.commoncoreontologies.org/ont00000469,Geospatial coordinate reference system,class,Spatial Reference System,"The difference between noun phrase 'Geospatial coordinate reference system' and noun phrase 'Spatial Reference System' is that 'Geospatial coordinate reference system' specifically includes Earth's surface location, while 'Spatial Reference System' is a broader term encompassing any system for defining locations in space, including maps and 3D models.",OK,None
https://www.commoncoreontologies.org/ont00000496,Natural language,class,Language,"The difference between noun phrase 'Natural language' and noun phrase 'Language' is that 'Natural language' refers specifically to the way humans naturally communicate, like English or Spanish, while 'Language' is a broader term encompassing any system of communication, including animal communication or formal systems.",OK,None
https://www.commoncoreontologies.org/ont00000529,Date identifier,class,Temporal Interval Identifier,"The difference between noun phrase 'Date identifier' and noun phrase 'Temporal Interval Identifier' is that a 'Date identifier' specifies a single point in time, while a 'Temporal Interval Identifier' indicates a period or duration.",OK,None
https://www.commoncoreontologies.org/ont00000539,Count measurement information content entity,class,Ratio Measurement Information Content Entity,"The difference between noun phrase 'Count measurement information content entity' and noun phrase 'Ratio Measurement Information Content Entity' is that the former represents a simple quantity, while the latter indicates a comparison between two quantities.",OK,None
https://www.commoncoreontologies.org/ont00000540,Temporal instant identifier,class,Temporal Region Identifier,"The difference between noun phrase 'Temporal instant identifier' and noun phrase 'Temporal Region Identifier' is that the former specifies a precise moment in time, while the latter denotes a broader period or area within time.",OK,None
https://www.commoncoreontologies.org/ont00000589,Julian date fraction,class,Decimal Time of Day Identifier,"The difference between noun phrase 'Julian date fraction' and noun phrase 'Decimal Time of Day Identifier' is that the former represents a fractional part of a day since a fixed starting point, while the latter is a decimal number representing a specific point in the day's 24-hour cycle.",OK,None
https://www.commoncoreontologies.org/ont00000592,Veracity measurement information content entity,class,Measurement Information Content Entity,"The difference between noun phrase 'Veracity measurement information content entity' and noun phrase 'Measurement Information Content Entity' is that the former specifically implies assessing truthfulness, while the latter is a more general term for data related to measurement and information.",OK,None
https://www.commoncoreontologies.org/ont00000604,Maximum ordinal measurement information content entity,class,Ordinal Measurement Information Content Entity,"The difference between noun phrase 'Maximum ordinal measurement information content entity' and noun phrase 'Ordinal Measurement Information Content Entity' is that the former implies a specific, highest level of detail, while the latter is a more general term for an entity containing ordinal measurement information.",OK,None
https://www.commoncoreontologies.org/ont00000605,Abbreviated name,class,Designative Name,"The difference between noun phrase 'Abbreviated name' and noun phrase 'Designative Name' is that an 'Abbreviated name' is a shortened version of a full name, while a 'Designative Name' is a name that identifies something specific, like a title or a code.",OK,None
https://www.commoncoreontologies.org/ont00000626,Predictive information content entity,class,Descriptive Information Content Entity,"The difference between noun phrase 'Predictive information content entity' and noun phrase 'Descriptive Information Content Entity' is that the former relates to things that suggest future events, while the latter describes things as they currently are.",OK,None
https://www.commoncoreontologies.org/ont00000630,Universal time reference system,class,Solar Time Reference System,"The difference between noun phrase 'Universal time reference system' and noun phrase 'Solar Time Reference System' is that the former aims for a consistent time across the entire globe, while the latter is based on the sun's position and varies with location.",OK,None
https://www.commoncoreontologies.org/ont00000649,Non-name identifier,class,Designative Information Content Entity,"The difference between noun phrase 'Non-name identifier' and noun phrase 'Designative Information Content Entity' is that the former refers to a unique, artificial label while the latter describes information that identifies something specifically.",OK,None
https://www.commoncoreontologies.org/ont00000653,Algorithm,class,Directive Information Content Entity,"The difference between noun phrase 'Algorithm' and noun phrase 'Directive Information Content Entity' is that an Algorithm is a set of instructions to solve a problem, while a Directive Information Content Entity refers to specific data or information that provides guidance or instructions.",OK,None
https://www.commoncoreontologies.org/ont00000669,Distance measurement information content entity,class,Ratio Measurement Information Content Entity,"The difference between noun phrase 'Distance measurement information content entity' and noun phrase 'Ratio Measurement Information Content Entity' is that the former deals with measuring how far apart things are, while the latter focuses on comparing quantities or proportions.",OK,None
https://www.commoncoreontologies.org/ont00000683,Diminutive name,class,Abbreviated Name,"The difference between noun phrase 'Diminutive name' and noun phrase 'Abbreviated Name' is that a 'Diminutive name' is a shorter, often affectionate version of a name (like 'Lizzy' for Elizabeth), while an 'Abbreviated Name' is a shortened form of a name using the first letter or a few letters (like 'Bill' for William).",OK,None
https://www.commoncoreontologies.org/ont00000686,Designative information content entity,class,Information Content Entity,"The difference between noun phrase 'Designaive information content entity' and noun phrase 'Information Content Entity' is that the former specifically refers to something that designates or points to something else, while the latter simply refers to something possessing information content.",OK,None
https://www.commoncoreontologies.org/ont00000692,Probability measurement information content entity,class,Measurement Information Content Entity,"The difference between noun phrase 'Probability measurement information content entity' and noun phrase 'Measurement Information Content Entity' is that the former specifically includes probability, while the latter is a broader term encompassing measurement information content without explicitly mentioning probability.",OK,None
https://www.commoncoreontologies.org/ont00000729,Spherical coordinate system,class,Spatial Reference System,"The difference between noun phrase 'Spherical coordinate system' and noun phrase 'Spatial Reference System' is that the former uses angles and distances from a center point to define locations on a sphere, while the latter provides a framework for locating points in three-dimensional space on a plane or globe.",OK,None
https://www.commoncoreontologies.org/ont00000731,Deviation measurement information content entity,class,Measurement Information Content Entity,"The difference between noun phrase 'Deviation measurement information content entity' and noun phrase 'Measurement Information Content Entity' is that the former specifically refers to data about how much something differs from a standard, while the latter is a more general term for data containing measurement information.",OK,None
https://www.commoncoreontologies.org/ont00000735,Geospatial region bounding box identifier list,class,Measurement Unit of Geocoordinate,"The difference between noun phrase 'Geospatial region bounding box identifier list' and noun phrase 'Measurement Unit of Geocordinate' is that the former refers to a list of coordinates defining a geographic area, while the latter specifies the standard used to quantify a location's position.",OK,None
https://www.commoncoreontologies.org/ont00000745,Point estimate information content entity,class,Estimate Information Content Entity,"The difference between noun phrase 'Point estimate information content entity' and noun phrase 'Estimate Information Content Entity' is that the former implies a single, specific estimate, while the latter suggests a broader entity related to information content estimation.",OK,None
https://www.commoncoreontologies.org/ont00000749,Julian day number,class,Decimal Date Identifier,"The difference between noun phrase 'Julian day number' and noun phrase 'Decimal Date Identifier' is that a Julian day number is a count of days since a specific starting point in ancient times, while a Decimal Date Identifier is a single number representing a date in a decimal system, offering more precise date representation.",OK,None
https://www.commoncoreontologies.org/ont00000827,Time of day identifier,class,Temporal Instant Identifier,"The difference between noun phrase 'Time of day identifier' and noun phrase 'Temporal Instant Identifier' is that the former specifies a general time like 'morning' or 'afternoon', while the latter denotes a precise point in time, such as '3:15 PM' or 'July 4th, 2024'.",OK,None
https://www.commoncoreontologies.org/ont00000829,Time zone identifier,class,Spatial Region Identifier,"The difference between noun phrase 'Time zone identifier' and noun phrase 'Spatial Region Identifier' is that one specifies a location's time, while the other specifies a location's geographical area.",OK,None
https://www.commoncoreontologies.org/ont00000833,Julian date identifier,class,Decimal Time of Day Identifier,"The difference between noun phrase 'Julian date identifier' and noun phrase 'Decimal Time of Day Identifier' is that the former represents a date based on a continuous count of days since a fixed starting point, while the latter represents a point in time as a decimal number of hours past midnight.",OK,None
https://www.commoncoreontologies.org/ont00000845,Proportional ratio measurement information content entity,class,Ratio Measurement Information Content Entity,"The difference between noun phrase 'Proportional ratio measurement information content entity' and noun phrase 'Ratio Measurement Information Content Entity' is that the first is less clear and contains a typo, while the second is a more concise and grammatically correct way to refer to a unit that holds data about ratios and measurements.",OK,None
https://www.commoncoreontologies.org/ont00000853,Descriptive information content entity,class,Information Content Entity,"The difference between noun phrase 'Descriptive information content entity' and noun phrase 'Information Content Entity' is that the former implies the entity's characteristics are being described, while the latter simply denotes an entity possessing information content.",OK,None
https://www.commoncoreontologies.org/ont00000891,Calendar system,class,Temporal Reference System,"The difference between noun phrase 'Calendar system' and noun phrase 'Temporal Reference System' is that a 'Calendar system' focuses on organizing days and dates, while a 'Temporal Reference System' is a broader concept encompassing any method for measuring and ordering time, including calendars, clocks, and even geological timelines.",OK,None
https://www.commoncoreontologies.org/ont00000894,Decimal date identifier,class,Date Identifier,"The difference between noun phrase 'Decimal date identifier' and noun phrase 'Date Identifier' is that 'Decimal date identifier' specifically refers to dates represented with decimal numbers, while 'Date Identifier' is a more general term for any code or label used to specify a date.",OK,None
https://www.commoncoreontologies.org/ont00000896,Mean point estimate information content entity,class,Point Estimate Information Content Entity,"The difference between noun phrase 'Mean point estimate information content entity' and noun phrase 'Point Estimate Information Content Entity' is that the former specifies an average of estimates, while the latter refers to a single estimate's information content.",OK,None
https://www.commoncoreontologies.org/ont00000915,Acronym,class,Abbreviated Name,"The difference between noun phrase 'Acronym' and noun phrase 'Abbreviated Name' is that an 'Acronym' is a word formed from the initial letters of other words, like NASA, while an 'Abbreviated Name' is a shortened version of a word or phrase, like 'Dr.' for Doctor.",OK,None
https://www.commoncoreontologies.org/ont00000916,Lunar calendar system,class,Calendar System,"The difference between noun phrase 'Lunar calendar system' and noun phrase 'Calendar System' is that 'Lunar calendar system' refers to a calendar based on the cycles of the moon, while 'Calendar System' is a general term for any organized way of tracking time, including those based on the sun and other celestial bodies.",OK,None
https://www.commoncoreontologies.org/ont00000923,Arbitrary identifier,class,Non-Name Identifier,"The difference between noun phrase 'Arbitrary identifier' and noun phrase 'Non-Name Identifier' is that an 'Arbitrary identifier' is a label chosen without inherent meaning, while a 'Non-Name Identifier' is a label that doesn't represent a specific, pre-defined name or entity.",OK,None
https://www.commoncoreontologies.org/ont00000958,Information content entity,class,generically dependent continuant,"The difference between noun phrase 'Information content entity' and noun phrase 'generally dependent continuant' is that the former refers to something that *has* information, while the latter describes something whose properties depend on other things existing.",OK,None
https://www.commoncoreontologies.org/ont00000965,Prescriptive information content entity,class,,,OK,None
https://www.commoncoreontologies.org/ont00000973,Decimal time of day identifier,class,Time of Day Identifier,"The difference between noun phrase 'Decimal time of day identifier' and noun phrase 'Time of Day Identifier' is that the former specifies time as a decimal number, while the latter simply indicates the time of day.",OK,None
https://www.commoncoreontologies.org/ont00000990,Nickname,class,Designative Name,"The difference between noun phrase 'Nickname' and noun phrase 'Designative Name' is that a 'Nickname' is a familiar, often informal name, while a 'Designative Name' is a formal name used for identification.",OK,None
https://www.commoncoreontologies.org/ont00001010,Ordinal measurement information content entity,class,Measurement Information Content Entity,"The difference between noun phrase 'Ordinal measurement information content entity' and noun phrase 'Measurement Information Content Entity' is that the former specifically refers to measurements with a defined order or rank, while the latter is a more general term for any measurement data.",OK,None
https://www.commoncoreontologies.org/ont00001014,Proper name,class,Designative Name,"The difference between noun phrase 'Proper name' and noun phrase 'Designative Name' is that a 'Proper name' identifies a specific individual or thing, while a 'Designative Name' refers to a category or type of thing.",OK,None
https://www.commoncoreontologies.org/ont00001022,Ratio measurement information content entity,class,Measurement Information Content Entity,"The difference between noun phrase 'Ratio measurement information content entity' and noun phrase 'Measurement Information Content Entity' is that the former specifically indicates a measurement expressed as a ratio, while the latter is a more general term for any measurement containing information content.",OK,None
https://www.commoncoreontologies.org/ont00001041,Sequence position ordinality,class,Ordinal Measurement Information Content Entity,"The difference between noun phrase 'Sequence position ordinality' and noun phrase 'Ordinal Measurement Information Content Entity' is that the former refers to the position of something in a series, while the latter describes data about how something is ranked or ordered.",OK,None
https://www.commoncoreontologies.org/ont00001069,Representational information content entity,class,Information Content Entity,"The difference between noun phrase 'Reprresentational information content entity' and noun phrase 'Information Content Entity' is that the former specifically implies the entity's role in representing something, while the latter is a broader term referring to an entity possessing information content without necessarily indicating a representational function.",OK,None
https://www.commoncoreontologies.org/ont00001101,Interval estimate information content entity,class,Estimate Information Content Entity,"The difference between noun phrase 'Interval estimate information content entity' and noun phrase 'Estimate Information Content Entity' is that the former implies a range of possible values, while the latter suggests a single, specific estimate of information content.",OK,None
https://www.commoncoreontologies.org/ont00001146,Sidereal time reference system,class,Temporal Reference System,"The difference between noun phrase 'Sidereal time reference system' and noun phrase 'Temporal Reference System' is that 'Temporal Reference System' refers to a standard, consistent measure of time, while 'Sidereal time reference system' likely describes a system that uses a secondary or alternative time source, potentially for comparison or specific calculations.",OK,None
https://www.commoncoreontologies.org/ont00001149,Data range interval estimate information content entity,class,Interval Estimate Information Content Entity,"The difference between noun phrase 'Data range interval estimate information content entity' and noun phrase 'Interval Estimate Information Content Entity' is that the former specifies data, while the latter is a more concise and general term referring to information derived from an interval estimate.",OK,None
https://www.commoncoreontologies.org/ont00001163,Measurement information content entity,class,Descriptive Information Content Entity,"The difference between noun phrase 'Measurement information content entity' and noun phrase 'Descriptive Information Content Entity' is that the former refers to data about how something is measured, while the latter refers to data that describes something's characteristics.",OK,None
https://www.commoncoreontologies.org/ont00001175,Language,class,Directive Information Content Entity,"The difference between noun phrase 'Language' and noun phrase 'Directive Information Content Entity' is that 'Language' refers to a system of communication, while 'Directive Information Content Entity' describes structured data intended to guide or instruct a system.",OK,None
https://www.commoncoreontologies.org/ont00001176,Estimate information content entity,class,Measurement Information Content Entity,"The difference between noun phrase 'Estimate information content entity' and noun phrase 'Measurement Information Content Entity' is that the former suggests a rough calculation of how much information something holds, while the latter implies a precise, quantifiable assessment of that information's value.",OK,None
https://www.commoncoreontologies.org/ont00001205,Priority scale,class,Reference System,"The difference between noun phrase 'Priority scale' and noun phrase 'Reference System' is that a 'Priority scale' ranks tasks by importance, while a 'Reference System' provides a standard for comparison or verification.",OK,None
https://www.commoncoreontologies.org/ont00001235,Military time zone identifier,class,Time Zone Identifier,"The difference between noun phrase 'Military time zone identifier' and noun phrase 'Time Zone Identifier' is that the former specifies time zones used by the military, while the latter refers to standard time zones used in everyday life.",OK,None
https://www.commoncoreontologies.org/ont00001238,Initialism,class,Abbreviated Name,"The difference between noun phrase 'Military time zone identifier' and noun phrase 'Time Zone Identifier' is that the former specifies time zones used by the military, while the latter refers to standard time zones used in everyday life.",OK,None
https://www.commoncoreontologies.org/ont00001256,Reliability measurement information content entity,class,Measurement Information Content Entity,"The difference between noun phrase 'Reliability measurement information content entity' and noun phrase 'Measurement Information Content Entity' is that the former specifically includes the aspect of how trustworthy the measurement is, while the latter is a more general term referring to information about the measurement itself.",OK,None
https://www.commoncoreontologies.org/ont00001309,Lot number,class,Code Identifier,"The difference between noun phrase 'Lot number' and noun phrase 'Code Identifier' is that a 'Lot number' typically refers to a group of items produced together, while a 'Code Identifier' is a more general term for a unique label used to identify a specific item or product.",OK,None
https://www.commoncoreontologies.org/ont00001328,Temporal reference system,class,Reference System,"The difference between noun phrase 'Temporal reference system' and noun phrase 'Reference System' is that 'Temporal reference system' specifically deals with time, while 'Reference System' is a broader term encompassing any system used for measurement or positioning, not necessarily tied to time.",OK,None
https://www.commoncoreontologies.org/ont00001331,Legal name,class,Proper Name,"The difference between noun phrase 'Legal name' and noun phrase 'Proper Name' is that a 'Legal name' is the name officially recorded by the government for legal documents, while a 'Proper Name' is a specific, unique name used to identify a person or place.",OK,None
https://www.commoncoreontologies.org/ont00001340,Calendar date identifier,class,Date Identifier,"The difference between noun phrase 'Calendar date identifier' and noun phrase 'Date Identifier' is that 'Calendar date identifier' specifically refers to a value representing a day on a calendar, while 'Date Identifier' is a more general term for any value that uniquely identifies a date, potentially including formats beyond a calendar.",OK,None
https://www.commoncoreontologies.org/ont00001351,Cartesian coordinate system,class,Spatial Reference System,"The difference between noun phrase 'Cartesian coordinate system' and noun phrase 'Spatial Reference System' is that the former uses x, y, and z axes to pinpoint locations in a flat, mathematical way, while the latter defines a real-world coordinate system for accurately locating points on the Earth's surface.",OK,None
https://www.commoncoreontologies.org/ont00001352,Greenwich mean time zone identifier,class,Time Zone Identifier,"The difference between noun phrase 'Greenwich mean time zone identifier' and noun phrase 'Time Zone Identifier' is that the former specifically refers to the time zone based on the Prime Meridian, while the latter is a more general term for any time zone.",OK,None
https://www.commoncoreontologies.org/ont00001364,Interval measurement information content entity,class,Measurement Information Content Entity,"The difference between noun phrase 'Interval measurement information content entity' and noun phrase 'Measurement Information Content Entity' is that the former specifically refers to data where measurements are expressed as intervals, while the latter is a broader term encompassing measurement data regardless of the interval nature.",OK,None
https://www.commoncoreontologies.org/ont00002001,Media content entity,class,,,OK,None
https://www.commoncoreontologies.org/ont00002002,Certificate,class,Information Bearing Artifact,"The difference between noun phrase 'Certificate' and noun phrase 'Information Bearing Artifact' is that a 'Certificate' is a formal document verifying something, while an 'Information Bearing Artifact' is a broader term for any object that conveys information, which may or may not be officially certified.",OK,None
https://www.commoncoreontologies.org/ont00002003,Academic degree,class,Certificate,"The difference between noun phrase 'Academic degree' and noun phrase 'Certificate' is that an 'Academic degree' represents a more extensive and rigorous qualification earned after years of study, while a 'Certificate' signifies completion of a specific, often shorter, training program.",OK,None
https://www.commoncoreontologies.org/ont00002004,Image,class,Information Bearing Artifact,"The difference between noun phrase 'Image' and noun phrase 'Information Bearing Artifact' is that an 'Image' is a visual representation, while an 'Information Bearing Artifact' is any object that conveys information, which may or may not be visual.",OK,None
https://www.commoncoreontologies.org/ont00002005,Chart,class,Image,"The difference between noun phrase 'Chart' and noun phrase 'Image' is that a 'Chart' represents data visually with symbols like bars or lines, while an 'Image' is a visual representation of something, like a photograph or drawing.",OK,None
https://www.commoncoreontologies.org/ont00002006,Database,class,Information Bearing Artifact,"The difference between noun phrase 'Database' and noun phrase 'Information Bearing Artifact' is that a 'Database' is a structured collection of data, while an 'Information Bearing Artifact' is any object that contains information, which may or may not be structured.",OK,None
https://www.commoncoreontologies.org/ont00002007,List,class,Information Bearing Artifact,"The difference between noun phrase 'List' and noun phrase 'Information Bearing Artifact' is that a 'List' is a simple collection of items, while an 'Information Bearing Artifact' is an object specifically designed to contain and convey information.",OK,None
https://www.commoncoreontologies.org/ont00002008,Code list,class,List,"The difference between noun phrase 'Code list' and noun phrase 'List' is that a 'Code list' is a specific list of codes with defined meanings, while a general 'List' can be any collection of items.",OK,None
https://www.commoncoreontologies.org/ont00002009,Video,class,Information Bearing Artifact,"The difference between noun phrase 'Video' and noun phrase 'Information Bearing Artifact' is that 'Video' typically refers to moving images with sound, while 'Information Bearing Artifact' is a broader term encompassing any object that conveys information, including videos, but also things like books, paintings, or even ancient tools.",OK,None
https://www.commoncoreontologies.org/ont00002010,Message,class,Information Bearing Artifact,"The difference between noun phrase 'Message' and noun phrase 'Information Bearing Artifact' is that a 'Message' is a communicative content, while an 'Information Bearing Artifact' is any physical object that conveys information, which may or may not be a message.",OK,None
https://www.commoncoreontologies.org/ont00002011,Warning message,class,Notification Message,"The difference between noun phrase 'Warning message' and noun phrase 'Notification Message' is that a 'Warning message' indicates a potential problem requiring immediate attention, while a 'Notification Message' simply informs the user about an event or update.",OK,None
https://www.commoncoreontologies.org/ont00002012,Email message,class,Message,"The difference between noun phrase 'Email message' and noun phrase 'Message' is that 'Email message' specifically refers to a communication sent via email, while 'Message' is a more general term for any form of communication.",OK,None
https://www.commoncoreontologies.org/ont00002013,Notification message,class,Message,"The difference between noun phrase 'Notification message' and noun phrase 'Message' is that a 'Notification message' specifically alerts you to something new, while a general 'Message' can be any communication.",OK,None
https://www.commoncoreontologies.org/ont00002014,Barcode,class,Information Bearing Artifact,"The difference between noun phrase 'Barcode' and noun phrase 'Information Bearing Artifact' is that a barcode is a specific type of visual code, while an information-bearing artifact is a broader term encompassing any object that stores data, including barcodes, QR codes, and even ancient cave paintings.",OK,None
https://www.commoncoreontologies.org/ont00002015,Two-dimensional barcode,class,Barcode,"The difference between noun phrase 'Two-dimensional barcode' and noun phrase 'Barcode' is that a 'Barcode' is a traditional horizontal line of black and white bars, while a 'Two-dimensional barcode' stores data in both horizontal and vertical directions, allowing for more information to be encoded.",OK,None
https://www.commoncoreontologies.org/ont00002016,Aztec code,class,Two-Dimensional Barcode,"The difference between noun phrase 'Aztec code' and noun phrase 'Two-Dimensional Barcode' is that 'Aztec code' refers to a complex system of symbols used for recording information, while 'Two-Dimensional Barcode' describes a modern, machine-readable code using lines and spaces to store data.",OK,None
https://www.commoncoreontologies.org/ont00002017,Data matrix code,class,Two-Dimensional Barcode,"The difference between noun phrase 'Data matrix code' and noun phrase 'Two-Dimensional Barcode' is that a Data matrix code is a specific type of two-dimensional barcode, while 'Two-Dimensional Barcode' is a broader term encompassing various patterns like QR codes and Data matrix codes.",OK,None
https://www.commoncoreontologies.org/ont00002018,Qr code,class,Two-Dimensional Barcode,"The difference between noun phrase 'Qr code' and noun phrase 'Two-Dimensional Barcode' is that 'QR code' is a specific type of 'two-dimensional barcode' designed for quick information access, while 'two-dimensional barcode' is a broader term encompassing various 2D barcode types.",OK,None
https://www.commoncoreontologies.org/ont00002019,Pdf417 code,class,Two-Dimensional Barcode,"The difference between noun phrase 'Pdf417 code' and noun phrase 'Two-Dimensional Barcode' is that a Pdf417 code is a specific type of two-dimensional barcode, while 'Two-Dimensional Barcode' is a broader category encompassing various barcode types like QR codes and Data Matrix codes.",OK,None
https://www.commoncoreontologies.org/ont00002020,One-dimensional barcode,class,Barcode,"The difference between noun phrase 'One-dimensional barcode' and noun phrase 'Barcode' is that 'Barcode' generally refers to any type of barcode, while 'One-dimensional barcode' specifically describes a barcode that stores data in a single line of black and white bars.",OK,None
https://www.commoncoreontologies.org/ont00002021,Codabar barcode,class,One-Dimensional Barcode,"The difference between noun phrase 'Codabar barcode' and noun phrase 'One-Dimensional Barcode' is that a Codabar barcode is a specific type of one-dimensional barcode, distinguished by its unique character set and formatting, while 'One-Dimensional Barcode' is a broader category encompassing various linear barcode types like Code 39 or EAN-13.",OK,None
https://www.commoncoreontologies.org/ont00002022,Code 93 barcode,class,One-Dimensional Barcode,"The difference between noun phrase 'Code 93 barcode' and noun phrase 'One-Dimensional Barcode' is that a Code 93 barcode is a specific type of one-dimensional barcode with a particular character set, while 'One-Dimensional Barcode' is a broader category encompassing various barcode types that store data in a single line.",OK,None
https://www.commoncoreontologies.org/ont00002023,Itf barcode,class,One-Dimensional Barcode,"The difference between noun phrase 'ITF barcode' and noun phrase 'One-Dimensional Barcode' is that 'One-Dimensional Barcode' is a general term for barcodes that store data in a single line, while 'ITF barcode' specifically refers to a particular type of one-dimensional barcode standard widely used for tracking and identification.",OK,None
https://www.commoncoreontologies.org/ont00002024,Msi plessey barcode,class,One-Dimensional Barcode,"The difference between noun phrase 'Msi plessey barcode' and noun phrase 'One-Dimensional Barcode' is that 'One-Dimensional Barcode' refers to a standard barcode like a UPC, while 'Msi plessey barcode' likely refers to a specific, possibly proprietary, barcode system developed by MSI.",OK,None
https://www.commoncoreontologies.org/ont00002025,Ean barcode,class,One-Dimensional Barcode,"The difference between noun phrase 'Ean barcode' and noun phrase 'One-Dimensional Barcode' is that an EAN barcode is a specific type of one-dimensional barcode used for product identification, while 'One-Dimensional Barcode' is a broader term encompassing any barcode that stores data in a single line of black and white bars.",OK,None
https://www.commoncoreontologies.org/ont00002026,Issn barcode,class,EAN Barcode,"The difference between noun phrase 'Issn barcode' and noun phrase 'EAAN Barcode' is that an ISSN barcode identifies serial publications like journals, while an EAN barcode is used for tracking products in retail.",OK,None
https://www.commoncoreontologies.org/ont00002027,Jan-13 barcode,class,EAN Barcode,"The difference between noun phrase 'Jan-13 barcode' and noun phrase 'EAAN Barcode' is that a Jan-13 barcode is a specific type of barcode commonly used in retail, while an EAN barcode is a broader category encompassing various barcode types, including Jan-13, designed for global product identification.",OK,None
https://www.commoncoreontologies.org/ont00002028,Ean-13 barcode,class,EAN Barcode,"The difference between noun phrase 'Ean-13 barcode' and noun phrase 'EAAN Barcode' is that 'EAN-13 barcode' refers to a specific type of barcode commonly used for consumer products, while 'EAN Barcode' is a broader term encompassing all barcodes defined by the European Article Number standard, including the more common EAN-13 and other variations.",OK,None
https://www.commoncoreontologies.org/ont00002029,Ean-8 barcode,class,EAN Barcode,"The difference between noun phrase 'Ean-8 barcode' and noun phrase 'EAAN Barcode' is that 'EAN-8 barcode' refers to a specific, shorter barcode type, while 'EAN Barcode' is a broader term encompassing various lengths of EAN barcodes, including the shorter EAN-8.",OK,None
https://www.commoncoreontologies.org/ont00002030,Isbn barcode,class,EAN Barcode,"The difference between noun phrase 'ISBN barcode' and noun phrase 'EAN Barcode' is that an ISBN barcode identifies books, while an EAN barcode identifies products sold in stores.",OK,None
https://www.commoncoreontologies.org/ont00002031,Gs1 databar barcode,class,One-Dimensional Barcode,"The difference between noun phrase 'Gs1 databar barcode' and noun phrase 'One-Dimensional Barcode' is that a Gs1 databar barcode is a specific type of one-dimensional barcode used for product identification, while 'One-Dimensional Barcode' is a broader category encompassing various linear barcode formats like the Gs1 databar, but also including others like Code 39 or Code 128.",OK,None
https://www.commoncoreontologies.org/ont00002032,Code 39 barcode,class,One-Dimensional Barcode,"The difference between noun phrase 'Code 39 barcode' and noun phrase 'One-Dimensional Barcode' is that a Code 39 barcode is a specific type of one-dimensional barcode using a particular character set, while 'One-Dimensional Barcode' is a broader term encompassing any barcode that stores data in a single line.",OK,None
https://www.commoncoreontologies.org/ont00002033,Code 128 barcode,class,One-Dimensional Barcode,"The difference between noun phrase 'Code 128 barcode' and noun phrase 'One-Dimensional Barcode' is that a Code 128 barcode is a specific type of one-dimensional barcode, meaning all Code 128 barcodes are one-dimensional, but not all one-dimensional barcodes are Code 128.",OK,None
https://www.commoncoreontologies.org/ont00002034,Upc barcode,class,One-Dimensional Barcode,"The difference between noun phrase 'UPC barcode' and noun phrase 'One-Dimensional Barcode' is that a UPC barcode is a specific type of one-dimensional barcode commonly used for retail products, while 'One-Dimensional Barcode' is a broader term encompassing any barcode that stores data in a single line.",OK,None
https://www.commoncoreontologies.org/ont00002035,Upc-a barcode,class,UPC Barcode,"The difference between noun phrase 'Upc-a barcode' and noun phrase 'UPC Barcode' is that 'UPC Barcode' is the standard, widely recognized term, while 'Upc-a barcode' is a less common, sometimes inaccurate, variation referring to a specific type of UPC.",OK,None
https://www.commoncoreontologies.org/ont00002036,Upc-e barcode,class,UPC Barcode,"The difference between noun phrase 'UPC-E barcode' and noun phrase 'UPC Barcode' is that 'UPC-E barcode' is a shorter version of the standard 'UPC Barcode', used for smaller products to save space.",OK,None
https://www.commoncoreontologies.org/ont00002037,Information line,class,Information Bearing Artifact,"The difference between noun phrase 'Information line' and noun phrase 'Information Bearing Artifact' is that the former refers to a direct way to get information, while the latter refers to an object that contains information.",OK,None
https://www.commoncoreontologies.org/ont00002038,Document field content,class,,,OK,None
https://www.commoncoreontologies.org/ont00002039,Document content entity,class,,,OK,None
https://www.commoncoreontologies.org/ont00002040,Book,class,Information Bearing Artifact,"The difference between noun phrase 'Book' and noun phrase 'Information Bearing Artifact' is that a 'Book' is a specific type of object designed for reading, while an 'Information Bearing Artifact' is a broader term encompassing any object that conveys information, which could include books, but also things like tablets, scrolls, or even cave paintings.",OK,None
https://www.commoncoreontologies.org/ont00002041,Transcript,class,Document,"The difference between noun phrase 'Transcript' and noun phrase 'Document' is that a 'Transcript' is a written record of spoken words, while a 'Document' is a broader term for any written or printed material.",OK,None
https://www.commoncoreontologies.org/ont00002042,Spreadsheet,class,Information Bearing Artifact,"The difference between noun phrase 'Spreadsheet' and noun phrase 'Information Bearing Artifact' is that a 'Spreadsheet' is a specific type of digital table for organizing data, while an 'Information Bearing Artifact' is a much broader term encompassing any object that conveys information, which could include a spreadsheet, a book, or even a cave painting.",OK,None
https://www.commoncoreontologies.org/ont00002043,Report,class,Document,"The difference between noun phrase 'Report' and noun phrase 'Document' is that a 'Report' typically presents findings and analysis, while a 'Document' is a broader term for any written or recorded information.",OK,None
https://www.commoncoreontologies.org/ont00002044,Form document,class,,,OK,None
https://www.commoncoreontologies.org/ont00002045,Journal article,class,Information Bearing Artifact,"The difference between noun phrase 'Journal article' and noun phrase 'Information Bearing Artifact' is that a 'Journal article' is a specific type of published academic work, while an 'Information Bearing Artifact' is a broader term encompassing any object that conveys information, including but not limited to journal articles.",OK,None
https://www.commoncoreontologies.org/ont00001439,Twenty-four-hour clock time system,class,,,OK,None
https://www.commoncoreontologies.org/ont00001550,Julian calendar,class,,,OK,None
https://www.commoncoreontologies.org/ont00001626,Twelve-hour clock time system,class,,,OK,None
https://www.commoncoreontologies.org/ont00001648,Earth-centered earth-fixed coordinate system,class,,,OK,None
https://www.commoncoreontologies.org/ont00001674,Gregorian calendar,class,,,OK,None
